id,hashtags
1,"#environment,#sustainability,#climateaction,#greenenergy,#renewable"
2,"#recycle,#zerowaste,#circulareconomy,#plasticfree,#ecofriendly"
3,"#cleanenergy,#carbonfootprint,#solarpower,#windenergy,#cleantech"
4,"#nature,#wildlife,#conservation,#biodiversity,#earth"
5,"#climatechange,#globalwarming,#actonclimate,#savetheplanet,#ecoactivism"
6,"#greenliving,#sustainableliving,#ecolifestyle,#organic,#fairtrade"
7,"#waterconservation,#watersaving,#cleandrinkingwater,#hydrosustainability,#smartwater"
8,"#urbanfarming,#regenerativeagriculture,#permaculture,#soilhealth,#communitygarden"
9,"#electricvehicles,#evcharging,#cleantransport,#decarbonize,#gogreen"
10,"#plantbased,#vegan,#sustainablefood,#foodwaste,#localfood"
11,"#ecotourism,#slowtravel,#responsibletourism,#naturelover,#environmentaleducation"
12,"#sustainablefashion,#ethicalfashion,#slowfashion,#zerowastefashion,#fairfashion"
13,"#climatejustice,#socialjustice,#environmentalequity,#actnow,#climatepolicy"
14,"#greenbuilding,#leedcertified,#energyefficiency,#lowimpactdesign,#sustainabledesign"
15,"#sustainabledevelopmentgoals,#sdgs,#globalgoals,#2030agenda,#unitednations"
16,"#plasticfreeoceans,#cleanbeaches,#marineconservation,#oceanprotection,#wildlife"
17,"#savethetrees,#forestry,#biodiversity,#deforestation,#forestconservation"
18,"#renewableenergy,#windturbines,#solarenergy,#cleantech,#greenfuture"
19,"#ecofriendlyproducts,#greenliving,#reducewaste,#ecoliving,#sustainabilitymatters"
20,"#carbonemissions,#carbonneutral,#climatestrike,#globalwarming,#greenplanet"
21,"#foodsecurity,#sustainableagriculture,#organicfarming,#farmtotable,#foodsovereignty"
22,"#waterpollution,#cleanwater,#watersustainability,#saveourwater,#freshwater"
23,"#climateinnovation,#greenbusiness,#sustainablegrowth,#ecobusiness,#greenfinance"
24,"#wildlifeprotection,#endangeredspecies,#conservationefforts,#animalrights,#habitatloss"
25,"#sustainableurbanism,#greencities,#smartcities,#urbanplanning,#environmentalpolicy"
26,"#localfarmers,#supportlocal,#farmersmarket,#agriculture,#communitysupportedagriculture"
27,"#energyconservation,#energyefficient,#savetheenergy,#greenenergy,#sustainableenergy"
28,"#zerowastelifestyle,#plasticalternative,#ecoconscious,#recycling,#wastemanagement"
29,"#renewabletechnologies,#solarplants,#windpower,#geothermal,#cleanenergyfuture"
30,"#educationforclimate,#climateawareness,#activism,#socialchange,#environmentaleducation"
31,"#environment,#sustainability,#climateaction,#greenenergy,#renewable"
32,"#recycle,#zerowaste,#circulareconomy,#plasticfree,#ecofriendly"
33,"#cleanenergy,#carbonfootprint,#solarpower,#windenergy,#cleantech"
34,"#nature,#wildlife,#conservation,#biodiversity,#earth"
35,"#climatechange,#globalwarming,#actonclimate,#savetheplanet,#ecoactivism"
36,"#greenliving,#sustainableliving,#ecolifestyle,#organic,#fairtrade"
37,"#waterconservation,#watersaving,#cleandrinkingwater,#hydrosustainability,#smartwater"
38,"#urbanfarming,#regenerativeagriculture,#permaculture,#soilhealth,#communitygarden"
39,"#electricvehicles,#evcharging,#cleantransport,#decarbonize,#gogreen"
40,"#plantbased,#vegan,#sustainablefood,#foodwaste,#localfood"
41,"#ecotourism,#slowtravel,#responsibletourism,#naturelover,#environmentaleducation"
42,"#sustainablefashion,#ethicalfashion,#slowfashion,#zerowastefashion,#fairfashion"
43,"#climatejustice,#socialjustice,#environmentalequity,#actnow,#climatepolicy"
44,"#greenbuilding,#leedcertified,#energyefficiency,#lowimpactdesign,#sustainabledesign"
45,"#sustainabledevelopmentgoals,#sdgs,#globalgoals,#2030agenda,#unitednations"
46,"#plasticfreeoceans,#cleanbeaches,#marineconservation,#oceanprotection,#wildlife"
47,"#savethetrees,#forestry,#biodiversity,#deforestation,#forestconservation"
48,"#renewableenergy,#windturbines,#solarenergy,#cleantech,#greenfuture"
49,"#ecofriendlyproducts,#greenliving,#reducewaste,#ecoliving,#sustainabilitymatters"
50,"#carbonemissions,#carbonneutral,#climatestrike,#globalwarming,#greenplanet"
51,"#foodsecurity,#sustainableagriculture,#organicfarming,#farmtotable,#foodsovereignty"
52,"#waterpollution,#cleanwater,#watersustainability,#saveourwater,#freshwater"
53,"#climateinnovation,#greenbusiness,#sustainablegrowth,#ecobusiness,#greenfinance"
54,"#wildlifeprotection,#endangeredspecies,#conservationefforts,#animalrights,#habitatloss"
55,"#sustainableurbanism,#greencities,#smartcities,#urbanplanning,#environmentalpolicy"
56,"#localfarmers,#supportlocal,#farmersmarket,#agriculture,#communitysupportedagriculture"
57,"#energyconservation,#energyefficient,#savetheenergy,#greenenergy,#sustainableenergy"
58,"#zerowastelifestyle,#plasticalternative,#ecoconscious,#recycling,#wastemanagement"
59,"#renewabletechnologies,#solarplants,#windpower,#geothermal,#cleanenergyfuture"
60,"#educationforclimate,#climateawareness,#activism,#socialchange,#environmentaleducation"
61,"#environment,#sustainability,#climateaction,#greenenergy,#renewable"
62,"#recycle,#zerowaste,#circulareconomy,#plasticfree,#ecofriendly"
63,"#cleanenergy,#carbonfootprint,#solarpower,#windenergy,#cleantech"
64,"#nature,#wildlife,#conservation,#biodiversity,#earth"
65,"#climatechange,#globalwarming,#actonclimate,#savetheplanet,#ecoactivism"
66,"#greenliving,#sustainableliving,#ecolifestyle,#organic,#fairtrade"
67,"#waterconservation,#watersaving,#cleandrinkingwater,#hydrosustainability,#smartwater"
68,"#urbanfarming,#regenerativeagriculture,#permaculture,#soilhealth,#communitygarden"
69,"#electricvehicles,#evcharging,#cleantransport,#decarbonize,#gogreen"
70,"#plantbased,#vegan,#sustainablefood,#foodwaste,#localfood"
71,"#ecotourism,#slowtravel,#responsibletourism,#naturelover,#environmentaleducation"
72,"#sustainablefashion,#ethicalfashion,#slowfashion,#zerowastefashion,#fairfashion"
73,"#climatejustice,#socialjustice,#environmentalequity,#actnow,#climatepolicy"
74,"#greenbuilding,#leedcertified,#energyefficiency,#lowimpactdesign,#sustainabledesign"
75,"#sustainabledevelopmentgoals,#sdgs,#globalgoals,#2030agenda,#unitednations"
76,"#plasticfreeoceans,#cleanbeaches,#marineconservation,#oceanprotection,#wildlife"
77,"#savethetrees,#forestry,#biodiversity,#deforestation,#forestconservation"
78,"#renewableenergy,#windturbines,#solarenergy,#cleantech,#greenfuture"
79,"#ecofriendlyproducts,#greenliving,#reducewaste,#ecoliving,#sustainabilitymatters"
80,"#carbonemissions,#carbonneutral,#climatestrike,#globalwarming,#greenplanet"
81,"#foodsecurity,#sustainableagriculture,#organicfarming,#farmtotable,#foodsovereignty"
82,"#waterpollution,#cleanwater,#watersustainability,#saveourwater,#freshwater"
83,"#climateinnovation,#greenbusiness,#sustainablegrowth,#ecobusiness,#greenfinance"
84,"#wildlifeprotection,#endangeredspecies,#conservationefforts,#animalrights,#habitatloss"
85,"#sustainableurbanism,#greencities,#smartcities,#urbanplanning,#environmentalpolicy"
86,"#localfarmers,#supportlocal,#farmersmarket,#agriculture,#communitysupportedagriculture"
87,"#energyconservation,#energyefficient,#savetheenergy,#greenenergy,#sustainableenergy"
88,"#zerowastelifestyle,#plasticalternative,#ecoconscious,#recycling,#wastemanagement"
89,"#renewabletechnologies,#solarplants,#windpower,#geothermal,#cleanenergyfuture"
90,"#educationforclimate,#climateawareness,#activism,#socialchange,#environmentaleducation"
91,"#environment,#sustainability,#climateaction,#greenenergy,#renewable"
92,"#recycle,#zerowaste,#circulareconomy,#plasticfree,#ecofriendly"
93,"#cleanenergy,#carbonfootprint,#solarpower,#windenergy,#cleantech"
94,"#nature,#wildlife,#conservation,#biodiversity,#earth"
95,"#climatechange,#globalwarming,#actonclimate,#savetheplanet,#ecoactivism"
96,"#greenliving,#sustainableliving,#ecolifestyle,#organic,#fairtrade"
97,"#waterconservation,#watersaving,#cleandrinkingwater,#hydrosustainability,#smartwater"
98,"#urbanfarming,#regenerativeagriculture,#permaculture,#soilhealth,#communitygarden"
99,"#electricvehicles,#evcharging,#cleantransport,#decarbonize,#gogreen"
100,"#plantbased,#vegan,#sustainablefood,#foodwaste,#localfood"
101,"#ecotourism,#slowtravel,#responsibletourism,#naturelover,#environmentaleducation"
102,"#sustainablefashion,#ethicalfashion,#slowfashion,#zerowastefashion,#fairfashion"
103,"#climatejustice,#socialjustice,#environmentalequity,#actnow,#climatepolicy"
104,"#greenbuilding,#leedcertified,#energyefficiency,#lowimpactdesign,#sustainabledesign"
105,"#sustainabledevelopmentgoals,#sdgs,#globalgoals,#2030agenda,#unitednations"
106,"#plasticfreeoceans,#cleanbeaches,#marineconservation,#oceanprotection,#wildlife"
107,"#savethetrees,#forestry,#biodiversity,#deforestation,#forestconservation"
108,"#renewableenergy,#windturbines,#solarenergy,#cleantech,#greenfuture"
109,"#ecofriendlyproducts,#greenliving,#reducewaste,#ecoliving,#sustainabilitymatters"
110,"#carbonemissions,#carbonneutral,#climatestrike,#globalwarming,#greenplanet"
111,"#foodsecurity,#sustainableagriculture,#organicfarming,#farmtotable,#foodsovereignty"
112,"#waterpollution,#cleanwater,#watersustainability,#saveourwater,#freshwater"
113,"#climateinnovation,#greenbusiness,#sustainablegrowth,#ecobusiness,#greenfinance"
114,"#wildlifeprotection,#endangeredspecies,#conservationefforts,#animalrights,#habitatloss"
115,"#sustainableurbanism,#greencities,#smartcities,#urbanplanning,#environmentalpolicy"
116,"#localfarmers,#supportlocal,#farmersmarket,#agriculture,#communitysupportedagriculture"
117,"#energyconservation,#energyefficient,#savetheenergy,#greenenergy,#sustainableenergy"
118,"#zerowastelifestyle,#plasticalternative,#ecoconscious,#recycling,#wastemanagement"
119,"#renewabletechnologies,#solarplants,#windpower,#geothermal,#cleanenergyfuture"
120,"#educationforclimate,#climateawareness,#activism,#socialchange,#environmentaleducation"
121,"#environment,#sustainability,#climateaction,#greenenergy,#renewable"
122,"#recycle,#zerowaste,#circulareconomy,#plasticfree,#ecofriendly"
123,"#cleanenergy,#carbonfootprint,#solarpower,#windenergy,#cleantech"
124,"#nature,#wildlife,#conservation,#biodiversity,#earth"
125,"#climatechange,#globalwarming,#actonclimate,#savetheplanet,#ecoactivism"
126,"#greenliving,#sustainableliving,#ecolifestyle,#organic,#fairtrade"
127,"#waterconservation,#watersaving,#cleandrinkingwater,#hydrosustainability,#smartwater"
128,"#urbanfarming,#regenerativeagriculture,#permaculture,#soilhealth,#communitygarden"
129,"#electricvehicles,#evcharging,#cleantransport,#decarbonize,#gogreen"
130,"#plantbased,#vegan,#sustainablefood,#foodwaste,#localfood"
131,"#ecotourism,#slowtravel,#responsibletourism,#naturelover,#environmentaleducation"
132,"#sustainablefashion,#ethicalfashion,#slowfashion,#zerowastefashion,#fairfashion"
133,"#climatejustice,#socialjustice,#environmentalequity,#actnow,#climatepolicy"
134,"#greenbuilding,#leedcertified,#energyefficiency,#lowimpactdesign,#sustainabledesign"
135,"#sustainabledevelopmentgoals,#sdgs,#globalgoals,#2030agenda,#unitednations"
136,"#plasticfreeoceans,#cleanbeaches,#marineconservation,#oceanprotection,#wildlife"
137,"#savethetrees,#forestry,#biodiversity,#deforestation,#forestconservation"
138,"#renewableenergy,#windturbines,#solarenergy,#cleantech,#greenfuture"
139,"#ecofriendlyproducts,#greenliving,#reducewaste,#ecoliving,#sustainabilitymatters"
140,"#carbonemissions,#carbonneutral,#climatestrike,#globalwarming,#greenplanet"
141,"#foodsecurity,#sustainableagriculture,#organicfarming,#farmtotable,#foodsovereignty"
142,"#waterpollution,#cleanwater,#watersustainability,#saveourwater,#freshwater"
143,"#climateinnovation,#greenbusiness,#sustainablegrowth,#ecobusiness,#greenfinance"
144,"#wildlifeprotection,#endangeredspecies,#conservationefforts,#animalrights,#habitatloss"
145,"#sustainableurbanism,#greencities,#smartcities,#urbanplanning,#environmentalpolicy"
146,"#localfarmers,#supportlocal,#farmersmarket,#agriculture,#communitysupportedagriculture"
147,"#energyconservation,#energyefficient,#savetheenergy,#greenenergy,#sustainableenergy"
148,"#zerowastelifestyle,#plasticalternative,#ecoconscious,#recycling,#wastemanagement"
149,"#renewabletechnologies,#solarplants,#windpower,#geothermal,#cleanenergyfuture"
150,"#educationforclimate,#climateawareness,#activism,#socialchange,#environmentaleducation"
151,"#environment,#sustainability,#climateaction,#greenenergy,#renewable"
152,"#recycle,#zerowaste,#circulareconomy,#plasticfree,#ecofriendly"
153,"#cleanenergy,#carbonfootprint,#solarpower,#windenergy,#cleantech"
154,"#nature,#wildlife,#conservation,#biodiversity,#earth"
155,"#climatechange,#globalwarming,#actonclimate,#savetheplanet,#ecoactivism"
156,"#greenliving,#sustainableliving,#ecolifestyle,#organic,#fairtrade"
157,"#waterconservation,#watersaving,#cleandrinkingwater,#hydrosustainability,#smartwater"
158,"#urbanfarming,#regenerativeagriculture,#permaculture,#soilhealth,#communitygarden"
159,"#electricvehicles,#evcharging,#cleantransport,#decarbonize,#gogreen"
160,"#plantbased,#vegan,#sustainablefood,#foodwaste,#localfood"
161,"#ecotourism,#slowtravel,#responsibletourism,#naturelover,#environmentaleducation"
162,"#sustainablefashion,#ethicalfashion,#slowfashion,#zerowastefashion,#fairfashion"
163,"#climatejustice,#socialjustice,#environmentalequity,#actnow,#climatepolicy"
164,"#greenbuilding,#leedcertified,#energyefficiency,#lowimpactdesign,#sustainabledesign"
165,"#sustainabledevelopmentgoals,#sdgs,#globalgoals,#2030agenda,#unitednations"
166,"#plasticfreeoceans,#cleanbeaches,#marineconservation,#oceanprotection,#wildlife"
167,"#savethetrees,#forestry,#biodiversity,#deforestation,#forestconservation"
168,"#renewableenergy,#windturbines,#solarenergy,#cleantech,#greenfuture"
169,"#ecofriendlyproducts,#greenliving,#reducewaste,#ecoliving,#sustainabilitymatters"
170,"#carbonemissions,#carbonneutral,#climatestrike,#globalwarming,#greenplanet"
171,"#foodsecurity,#sustainableagriculture,#organicfarming,#farmtotable,#foodsovereignty"
172,"#waterpollution,#cleanwater,#watersustainability,#saveourwater,#freshwater"
173,"#climateinnovation,#greenbusiness,#sustainablegrowth,#ecobusiness,#greenfinance"
174,"#wildlifeprotection,#endangeredspecies,#conservationefforts,#animalrights,#habitatloss"
175,"#sustainableurbanism,#greencities,#smartcities,#urbanplanning,#environmentalpolicy"
176,"#localfarmers,#supportlocal,#farmersmarket,#agriculture,#communitysupportedagriculture"
177,"#energyconservation,#energyefficient,#savetheenergy,#greenenergy,#sustainableenergy"
178,"#zerowastelifestyle,#plasticalternative,#ecoconscious,#recycling,#wastemanagement"
179,"#renewabletechnologies,#solarplants,#windpower,#geothermal,#cleanenergyfuture"
180,"#educationforclimate,#climateawareness,#activism,#socialchange,#environmentaleducation"
181,"#environment,#sustainability,#climateaction,#greenenergy,#renewable"
182,"#recycle,#zerowaste,#circulareconomy,#plasticfree,#ecofriendly"
183,"#cleanenergy,#carbonfootprint,#solarpower,#windenergy,#cleantech"
184,"#nature,#wildlife,#conservation,#biodiversity,#earth"
185,"#climatechange,#globalwarming,#actonclimate,#savetheplanet,#ecoactivism"
186,"#greenliving,#sustainableliving,#ecolifestyle,#organic,#fairtrade"
187,"#waterconservation,#watersaving,#cleandrinkingwater,#hydrosustainability,#smartwater"
188,"#urbanfarming,#regenerativeagriculture,#permaculture,#soilhealth,#communitygarden"
189,"#electricvehicles,#evcharging,#cleantransport,#decarbonize,#gogreen"
190,"#plantbased,#vegan,#sustainablefood,#foodwaste,#localfood"
191,"#ecotourism,#slowtravel,#responsibletourism,#naturelover,#environmentaleducation"
192,"#sustainablefashion,#ethicalfashion,#slowfashion,#zerowastefashion,#fairfashion"
193,"#climatejustice,#socialjustice,#environmentalequity,#actnow,#climatepolicy"
194,"#greenbuilding,#leedcertified,#energyefficiency,#lowimpactdesign,#sustainabledesign"
195,"#sustainabledevelopmentgoals,#sdgs,#globalgoals,#2030agenda,#unitednations"
196,"#plasticfreeoceans,#cleanbeaches,#marineconservation,#oceanprotection,#wildlife"
197,"#savethetrees,#forestry,#biodiversity,#deforestation,#forestconservation"
198,"#renewableenergy,#windturbines,#solarenergy,#cleantech,#greenfuture"
199,"#ecofriendlyproducts,#greenliving,#reducewaste,#ecoliving,#sustainabilitymatters"
200,"#carbonemissions,#carbonneutral,#climatestrike,#globalwarming,#greenplanet"
201,"#foodsecurity,#sustainableagriculture,#organicfarming,#farmtotable,#foodsovereignty"
202,"#waterpollution,#cleanwater,#watersustainability,#saveourwater,#freshwater"
203,"#climateinnovation,#greenbusiness,#sustainablegrowth,#ecobusiness,#greenfinance"
204,"#wildlifeprotection,#endangeredspecies,#conservationefforts,#animalrights,#habitatloss"
205,"#sustainableurbanism,#greencities,#smartcities,#urbanplanning,#environmentalpolicy"
206,"#localfarmers,#supportlocal,#farmersmarket,#agriculture,#communitysupportedagriculture"
207,"#energyconservation,#energyefficient,#savetheenergy,#greenenergy,#sustainableenergy"
208,"#zerowastelifestyle,#plasticalternative,#ecoconscious,#recycling,#wastemanagement"
209,"#renewabletechnologies,#solarplants,#windpower,#geothermal,#cleanenergyfuture"
210,"#educationforclimate,#climateawareness,#activism,#socialchange,#environmentaleducation"
211,"#environment,#sustainability,#climateaction,#greenenergy,#renewable"
212,"#recycle,#zerowaste,#circulareconomy,#plasticfree,#ecofriendly"
213,"#cleanenergy,#carbonfootprint,#solarpower,#windenergy,#cleantech"
214,"#nature,#wildlife,#conservation,#biodiversity,#earth"
215,"#climatechange,#globalwarming,#actonclimate,#savetheplanet,#ecoactivism"
216,"#greenliving,#sustainableliving,#ecolifestyle,#organic,#fairtrade"
217,"#waterconservation,#watersaving,#cleandrinkingwater,#hydrosustainability,#smartwater"
218,"#urbanfarming,#regenerativeagriculture,#permaculture,#soilhealth,#communitygarden"
219,"#electricvehicles,#evcharging,#cleantransport,#decarbonize,#gogreen"
220,"#plantbased,#vegan,#sustainablefood,#foodwaste,#localfood"
221,"#ecotourism,#slowtravel,#responsibletourism,#naturelover,#environmentaleducation"
222,"#sustainablefashion,#ethicalfashion,#slowfashion,#zerowastefashion,#fairfashion"
223,"#climatejustice,#socialjustice,#environmentalequity,#actnow,#climatepolicy"
224,"#greenbuilding,#leedcertified,#energyefficiency,#lowimpactdesign,#sustainabledesign"
225,"#sustainabledevelopmentgoals,#sdgs,#globalgoals,#2030agenda,#unitednations"
226,"#plasticfreeoceans,#cleanbeaches,#marineconservation,#oceanprotection,#wildlife"
227,"#savethetrees,#forestry,#biodiversity,#deforestation,#forestconservation"
228,"#renewableenergy,#windturbines,#solarenergy,#cleantech,#greenfuture"
229,"#ecofriendlyproducts,#greenliving,#reducewaste,#ecoliving,#sustainabilitymatters"
230,"#carbonemissions,#carbonneutral,#climatestrike,#globalwarming,#greenplanet"
231,"#foodsecurity,#sustainableagriculture,#organicfarming,#farmtotable,#foodsovereignty"
232,"#waterpollution,#cleanwater,#watersustainability,#saveourwater,#freshwater"
233,"#climateinnovation,#greenbusiness,#sustainablegrowth,#ecobusiness,#greenfinance"
234,"#wildlifeprotection,#endangeredspecies,#conservationefforts,#animalrights,#habitatloss"
235,"#sustainableurbanism,#greencities,#smartcities,#urbanplanning,#environmentalpolicy"
236,"#localfarmers,#supportlocal,#farmersmarket,#agriculture,#communitysupportedagriculture"
237,"#energyconservation,#energyefficient,#savetheenergy,#greenenergy,#sustainableenergy"
238,"#zerowastelifestyle,#plasticalternative,#ecoconscious,#recycling,#wastemanagement"
239,"#renewabletechnologies,#solarplants,#windpower,#geothermal,#cleanenergyfuture"
240,"#educationforclimate,#climateawareness,#activism,#socialchange,#environmentaleducation"
241,"#environment,#sustainability,#climateaction,#greenenergy,#renewable"
242,"#recycle,#zerowaste,#circulareconomy,#plasticfree,#ecofriendly"
243,"#cleanenergy,#carbonfootprint,#solarpower,#windenergy,#cleantech"
244,"#nature,#wildlife,#conservation,#biodiversity,#earth"
245,"#climatechange,#globalwarming,#actonclimate,#savetheplanet,#ecoactivism"
246,"#greenliving,#sustainableliving,#ecolifestyle,#organic,#fairtrade"
247,"#waterconservation,#watersaving,#cleandrinkingwater,#hydrosustainability,#smartwater"
248,"#urbanfarming,#regenerativeagriculture,#permaculture,#soilhealth,#communitygarden"
249,"#electricvehicles,#evcharging,#cleantransport,#decarbonize,#gogreen"
250,"#plantbased,#vegan,#sustainablefood,#foodwaste,#localfood"
251,"#ecotourism,#slowtravel,#responsibletourism,#naturelover,#environmentaleducation"
252,"#sustainablefashion,#ethicalfashion,#slowfashion,#zerowastefashion,#fairfashion"
253,"#climatejustice,#socialjustice,#environmentalequity,#actnow,#climatepolicy"
254,"#greenbuilding,#leedcertified,#energyefficiency,#lowimpactdesign,#sustainabledesign"
255,"#sustainabledevelopmentgoals,#sdgs,#globalgoals,#2030agenda,#unitednations"
256,"#plasticfreeoceans,#cleanbeaches,#marineconservation,#oceanprotection,#wildlife"
257,"#savethetrees,#forestry,#biodiversity,#deforestation,#forestconservation"
258,"#renewableenergy,#windturbines,#solarenergy,#cleantech,#greenfuture"
259,"#ecofriendlyproducts,#greenliving,#reducewaste,#ecoliving,#sustainabilitymatters"
260,"#carbonemissions,#carbonneutral,#climatestrike,#globalwarming,#greenplanet"
261,"#foodsecurity,#sustainableagriculture,#organicfarming,#farmtotable,#foodsovereignty"
262,"#waterpollution,#cleanwater,#watersustainability,#saveourwater,#freshwater"
263,"#climateinnovation,#greenbusiness,#sustainablegrowth,#ecobusiness,#greenfinance"
264,"#wildlifeprotection,#endangeredspecies,#conservationefforts,#animalrights,#habitatloss"
265,"#sustainableurbanism,#greencities,#smartcities,#urbanplanning,#environmentalpolicy"
266,"#localfarmers,#supportlocal,#farmersmarket,#agriculture,#communitysupportedagriculture"
267,"#energyconservation,#energyefficient,#savetheenergy,#greenenergy,#sustainableenergy"
268,"#zerowastelifestyle,#plasticalternative,#ecoconscious,#recycling,#wastemanagement"
269,"#renewabletechnologies,#solarplants,#windpower,#geothermal,#cleanenergyfuture"
270,"#educationforclimate,#climateawareness,#activism,#socialchange,#environmentaleducation"
271,"#environment,#sustainability,#climateaction,#greenenergy,#renewable"
272,"#recycle,#zerowaste,#circulareconomy,#plasticfree,#ecofriendly"
273,"#cleanenergy,#carbonfootprint,#solarpower,#windenergy,#cleantech"
274,"#nature,#wildlife,#conservation,#biodiversity,#earth"
275,"#climatechange,#globalwarming,#actonclimate,#savetheplanet,#ecoactivism"
276,"#greenliving,#sustainableliving,#ecolifestyle,#organic,#fairtrade"
277,"#waterconservation,#watersaving,#cleandrinkingwater,#hydrosustainability,#smartwater"
278,"#urbanfarming,#regenerativeagriculture,#permaculture,#soilhealth,#communitygarden"
279,"#electricvehicles,#evcharging,#cleantransport,#decarbonize,#gogreen"
280,"#plantbased,#vegan,#sustainablefood,#foodwaste,#localfood"
281,"#ecotourism,#slowtravel,#responsibletourism,#naturelover,#environmentaleducation"
282,"#sustainablefashion,#ethicalfashion,#slowfashion,#zerowastefashion,#fairfashion"
283,"#climatejustice,#socialjustice,#environmentalequity,#actnow,#climatepolicy"
284,"#greenbuilding,#leedcertified,#energyefficiency,#lowimpactdesign,#sustainabledesign"
285,"#sustainabledevelopmentgoals,#sdgs,#globalgoals,#2030agenda,#unitednations"
286,"#plasticfreeoceans,#cleanbeaches,#marineconservation,#oceanprotection,#wildlife"
287,"#savethetrees,#forestry,#biodiversity,#deforestation,#forestconservation"
288,"#renewableenergy,#windturbines,#solarenergy,#cleantech,#greenfuture"
289,"#ecofriendlyproducts,#greenliving,#reducewaste,#ecoliving,#sustainabilitymatters"
290,"#carbonemissions,#carbonneutral,#climatestrike,#globalwarming,#greenplanet"
291,"#foodsecurity,#sustainableagriculture,#organicfarming,#farmtotable,#foodsovereignty"
292,"#waterpollution,#cleanwater,#watersustainability,#saveourwater,#freshwater"
293,"#climateinnovation,#greenbusiness,#sustainablegrowth,#ecobusiness,#greenfinance"
294,"#wildlifeprotection,#endangeredspecies,#conservationefforts,#animalrights,#habitatloss"
295,"#sustainableurbanism,#greencities,#smartcities,#urbanplanning,#environmentalpolicy"
296,"#localfarmers,#supportlocal,#farmersmarket,#agriculture,#communitysupportedagriculture"
297,"#energyconservation,#energyefficient,#savetheenergy,#greenenergy,#sustainableenergy"
298,"#zerowastelifestyle,#plasticalternative,#ecoconscious,#recycling,#wastemanagement"
299,"#renewabletechnologies,#solarplants,#windpower,#geothermal,#cleanenergyfuture"
300,"#educationforclimate,#climateawareness,#activism,#socialchange,#environmentaleducation"
301,"#ecofriendly,#ecotourism,#greenenergy,#recycle,#renewable,#sustainability"
302,"#ecofriendly,#greenplanet,#renewable,#sustainability"
303,"#ecofriendly,#recycle,#renewable,#sustainability"
304,"#ecofriendly,#ecotourism,#globalwarming,#renewable,#solarenergy,#sustainability"
305,"#biodiversity,#ecofriendly,#renewable,#sdgs,#sustainability"
306,"#climatechange,#ecofriendly,#renewable,#sustainability"
307,"#ecofriendly,#recycle,#renewable,#sustainability,#sustainabledevelopmentgoals"
308,"#ecofriendly,#renewable,#solarenergy,#sustainability"
309,"#biodiversity,#ecofriendly,#greenenergy,#renewable,#sdgs,#sustainability"
310,"#ecofriendly,#greenenergy,#renewable,#sustainability"
311,"#biodiversity,#ecofriendly,#ecotourism,#renewable,#sustainability,#sustainabledevelopmentgoals"
312,"#climatechange,#ecofriendly,#greenplanet,#recycle,#renewable,#sustainability"
313,"#biodiversity,#ecofriendly,#renewable,#sustainability"
314,"#ecofriendly,#ecotourism,#renewable,#sdgs,#sustainability"
315,"#biodiversity,#ecofriendly,#ecotourism,#renewable,#solarenergy,#sustainability"
316,"#biodiversity,#ecofriendly,#greenplanet,#recycle,#renewable,#sustainability"
317,"#ecofriendly,#recycle,#renewable,#solarenergy,#sustainability"
318,"#ecofriendly,#greenenergy,#recycle,#renewable,#sustainability"
319,"#biodiversity,#ecofriendly,#recycle,#renewable,#sustainability"
320,"#ecofriendly,#globalwarming,#renewable,#sustainability,#sustainabledevelopmentgoals"
321,"#biodiversity,#ecofriendly,#renewable,#sustainability"
322,"#climatechange,#ecofriendly,#globalwarming,#renewable,#sustainability,#sustainabledevelopmentgoals"
323,"#biodiversity,#ecofriendly,#globalwarming,#greenplanet,#renewable,#sustainability"
324,"#biodiversity,#ecofriendly,#renewable,#sustainability"
325,"#ecofriendly,#greenplanet,#renewable,#sustainability"
326,"#ecofriendly,#globalwarming,#renewable,#sustainability"
327,"#ecofriendly,#globalwarming,#renewable,#sustainability"
328,"#ecofriendly,#recycle,#renewable,#sustainability"
329,"#ecofriendly,#renewable,#solarenergy,#sustainability"
330,"#ecofriendly,#renewable,#sustainability,#sustainabledevelopmentgoals"
331,"#biodiversity,#ecofriendly,#greenenergy,#renewable,#sustainability"
332,"#ecofriendly,#renewable,#solarenergy,#sustainability"
333,"#biodiversity,#ecofriendly,#renewable,#sustainability"
334,"#ecofriendly,#greenplanet,#renewable,#sustainability"
335,"#climatechange,#ecofriendly,#greenenergy,#recycle,#renewable,#sustainability"
336,"#ecofriendly,#renewable,#sustainability,#sustainabledevelopmentgoals"
337,"#ecofriendly,#greenplanet,#renewable,#sdgs,#sustainability"
338,"#ecofriendly,#ecotourism,#greenenergy,#renewable,#sdgs,#sustainability"
339,"#ecofriendly,#globalwarming,#renewable,#sustainability"
340,"#ecofriendly,#globalwarming,#greenplanet,#renewable,#solarenergy,#sustainability"
341,"#climatechange,#ecofriendly,#renewable,#sustainability"
342,"#ecofriendly,#recycle,#renewable,#sustainability"
343,"#biodiversity,#ecofriendly,#recycle,#renewable,#sustainability"
344,"#ecofriendly,#globalwarming,#greenenergy,#renewable,#sustainability"
345,"#climatechange,#ecofriendly,#greenplanet,#renewable,#sdgs,#sustainability"
346,"#ecofriendly,#globalwarming,#greenplanet,#renewable,#sustainability,#sustainabledevelopmentgoals"
347,"#ecofriendly,#ecotourism,#globalwarming,#recycle,#renewable,#sustainability"
348,"#ecofriendly,#renewable,#sustainability,#sustainabledevelopmentgoals"
349,"#ecofriendly,#greenplanet,#renewable,#sustainability"
350,"#ecofriendly,#greenenergy,#greenplanet,#renewable,#sustainability"
351,"#ecofriendly,#greenenergy,#greenplanet,#renewable,#sustainability,#sustainabledevelopmentgoals"
352,"#biodiversity,#ecofriendly,#globalwarming,#renewable,#sustainability"
353,"#ecofriendly,#greenenergy,#greenplanet,#renewable,#sustainability"
354,"#biodiversity,#ecofriendly,#greenplanet,#renewable,#sdgs,#sustainability"
355,"#ecofriendly,#ecotourism,#globalwarming,#renewable,#sustainability"
356,"#ecofriendly,#recycle,#renewable,#solarenergy,#sustainability"
357,"#climatechange,#ecofriendly,#greenplanet,#renewable,#sustainability"
358,"#ecofriendly,#renewable,#solarenergy,#sustainability"
359,"#ecofriendly,#ecotourism,#renewable,#sustainability,#sustainabledevelopmentgoals"
360,"#ecofriendly,#greenplanet,#renewable,#sustainability"
361,"#ecofriendly,#greenplanet,#renewable,#sdgs,#solarenergy,#sustainability"
362,"#ecofriendly,#renewable,#sdgs,#sustainability"
363,"#ecofriendly,#renewable,#sustainability,#sustainabledevelopmentgoals"
364,"#biodiversity,#ecofriendly,#greenenergy,#renewable,#solarenergy,#sustainability"
365,"#climatechange,#ecofriendly,#recycle,#renewable,#sustainability"
366,"#ecofriendly,#renewable,#solarenergy,#sustainability,#sustainabledevelopmentgoals"
367,"#ecofriendly,#globalwarming,#renewable,#solarenergy,#sustainability"
368,"#ecofriendly,#recycle,#renewable,#sustainability"
369,"#ecofriendly,#renewable,#sdgs,#sustainability"
370,"#biodiversity,#ecofriendly,#renewable,#sustainability,#sustainabledevelopmentgoals"
371,"#biodiversity,#ecofriendly,#ecotourism,#greenplanet,#renewable,#sustainability"
372,"#ecofriendly,#recycle,#renewable,#sustainability,#sustainabledevelopmentgoals"
373,"#biodiversity,#ecofriendly,#renewable,#sustainability,#sustainabledevelopmentgoals"
374,"#ecofriendly,#globalwarming,#renewable,#sdgs,#sustainability"
375,"#climatechange,#ecofriendly,#renewable,#solarenergy,#sustainability"
376,"#ecofriendly,#renewable,#sustainability,#sustainabledevelopmentgoals"
377,"#biodiversity,#climatechange,#ecofriendly,#renewable,#sustainability"
378,"#climatechange,#ecofriendly,#renewable,#sustainability"
379,"#climatechange,#ecofriendly,#ecotourism,#renewable,#sdgs,#sustainability"
380,"#ecofriendly,#ecotourism,#renewable,#sdgs,#sustainability,#sustainabledevelopmentgoals"
381,"#ecofriendly,#renewable,#sustainability,#sustainabledevelopmentgoals"
382,"#ecofriendly,#ecotourism,#greenenergy,#renewable,#sustainability,#sustainabledevelopmentgoals"
383,"#biodiversity,#ecofriendly,#ecotourism,#renewable,#sdgs,#sustainability"
384,"#biodiversity,#ecofriendly,#globalwarming,#greenenergy,#renewable,#sustainability"
385,"#ecofriendly,#renewable,#sustainability,#sustainabledevelopmentgoals"
386,"#climatechange,#ecofriendly,#ecotourism,#renewable,#sustainability"
387,"#ecofriendly,#globalwarming,#renewable,#sustainability"
388,"#climatechange,#ecofriendly,#greenenergy,#renewable,#sustainability"
389,"#biodiversity,#ecofriendly,#renewable,#sustainability"
390,"#ecofriendly,#renewable,#solarenergy,#sustainability"
391,"#biodiversity,#ecofriendly,#ecotourism,#greenenergy,#renewable,#sustainability"
392,"#ecofriendly,#globalwarming,#greenplanet,#renewable,#sdgs,#sustainability"
393,"#biodiversity,#ecofriendly,#ecotourism,#renewable,#sustainability"
394,"#ecofriendly,#ecotourism,#renewable,#sustainability,#sustainabledevelopmentgoals"
395,"#ecofriendly,#renewable,#sdgs,#solarenergy,#sustainability,#sustainabledevelopmentgoals"
396,"#biodiversity,#ecofriendly,#renewable,#solarenergy,#sustainability"
397,"#ecofriendly,#globalwarming,#renewable,#sdgs,#sustainability"
398,"#ecofriendly,#globalwarming,#greenenergy,#greenplanet,#renewable,#sustainability"
399,"#ecofriendly,#greenplanet,#renewable,#sustainability,#sustainabledevelopmentgoals"
400,"#biodiversity,#ecofriendly,#recycle,#renewable,#sustainability"
401,"#ecofriendly,#greenenergy,#renewable,#sustainability"
402,"#ecofriendly,#greenenergy,#renewable,#sustainability"
403,"#biodiversity,#ecofriendly,#renewable,#solarenergy,#sustainability,#sustainabledevelopmentgoals"
404,"#ecofriendly,#renewable,#sdgs,#sustainability"
405,"#ecofriendly,#renewable,#sustainability,#sustainabledevelopmentgoals"
406,"#ecofriendly,#recycle,#renewable,#sdgs,#sustainability"
407,"#ecofriendly,#renewable,#solarenergy,#sustainability"
408,"#ecofriendly,#ecotourism,#recycle,#renewable,#sustainability"
409,"#climatechange,#ecofriendly,#greenenergy,#renewable,#solarenergy,#sustainability"
410,"#ecofriendly,#greenplanet,#renewable,#sustainability"
411,"#ecofriendly,#globalwarming,#renewable,#solarenergy,#sustainability,#sustainabledevelopmentgoals"
412,"#climatechange,#ecofriendly,#renewable,#solarenergy,#sustainability"
413,"#biodiversity,#climatechange,#ecofriendly,#renewable,#solarenergy,#sustainability"
414,"#climatechange,#ecofriendly,#greenenergy,#renewable,#sdgs,#sustainability"
415,"#biodiversity,#ecofriendly,#ecotourism,#renewable,#solarenergy,#sustainability"
416,"#climatechange,#ecofriendly,#globalwarming,#recycle,#renewable,#sustainability"
417,"#ecofriendly,#recycle,#renewable,#solarenergy,#sustainability"
418,"#climatechange,#ecofriendly,#ecotourism,#renewable,#solarenergy,#sustainability"
419,"#ecofriendly,#greenplanet,#renewable,#sdgs,#sustainability,#sustainabledevelopmentgoals"
420,"#ecofriendly,#recycle,#renewable,#sustainability"
421,"#ecofriendly,#ecotourism,#greenenergy,#recycle,#renewable,#sustainability"
422,"#biodiversity,#climatechange,#ecofriendly,#renewable,#sustainability"
423,"#ecofriendly,#globalwarming,#greenenergy,#greenplanet,#renewable,#sustainability"
424,"#ecofriendly,#globalwarming,#renewable,#sustainability"
425,"#ecofriendly,#globalwarming,#greenplanet,#renewable,#sustainability"
426,"#biodiversity,#climatechange,#ecofriendly,#ecotourism,#renewable,#sustainability"
427,"#ecofriendly,#recycle,#renewable,#sustainability"
428,"#biodiversity,#ecofriendly,#globalwarming,#renewable,#sustainability"
429,"#ecofriendly,#greenenergy,#renewable,#sdgs,#sustainability"
430,"#climatechange,#ecofriendly,#renewable,#sdgs,#sustainability"
431,"#ecofriendly,#renewable,#sdgs,#solarenergy,#sustainability"
432,"#climatechange,#ecofriendly,#greenplanet,#renewable,#sustainability"
433,"#biodiversity,#ecofriendly,#renewable,#solarenergy,#sustainability"
434,"#climatechange,#ecofriendly,#greenplanet,#renewable,#sustainability"
435,"#ecofriendly,#renewable,#solarenergy,#sustainability"
436,"#climatechange,#ecofriendly,#greenenergy,#renewable,#solarenergy,#sustainability"
437,"#ecofriendly,#greenenergy,#renewable,#sustainability"
438,"#ecofriendly,#globalwarming,#greenplanet,#renewable,#sustainability"
439,"#ecofriendly,#recycle,#renewable,#sustainability,#sustainabledevelopmentgoals"
440,"#ecofriendly,#ecotourism,#renewable,#sustainability,#sustainabledevelopmentgoals"
441,"#biodiversity,#ecofriendly,#greenenergy,#recycle,#renewable,#sustainability"
442,"#ecofriendly,#renewable,#sdgs,#sustainability"
443,"#ecofriendly,#ecotourism,#greenplanet,#renewable,#sustainability"
444,"#ecofriendly,#globalwarming,#greenenergy,#renewable,#sustainability"
445,"#ecofriendly,#greenenergy,#recycle,#renewable,#sdgs,#sustainability"
446,"#ecofriendly,#renewable,#sdgs,#sustainability"
447,"#ecofriendly,#recycle,#renewable,#sustainability"
448,"#climatechange,#ecofriendly,#renewable,#sdgs,#sustainability"
449,"#biodiversity,#climatechange,#ecofriendly,#recycle,#renewable,#sustainability"
450,"#biodiversity,#ecofriendly,#renewable,#solarenergy,#sustainability"
451,"#climatechange,#ecofriendly,#recycle,#renewable,#sdgs,#sustainability"
452,"#biodiversity,#ecofriendly,#renewable,#sdgs,#sustainability"
453,"#ecofriendly,#recycle,#renewable,#sdgs,#sustainability"
454,"#ecofriendly,#greenenergy,#renewable,#sustainability"
455,"#ecofriendly,#greenenergy,#renewable,#sustainability"
456,"#biodiversity,#ecofriendly,#greenenergy,#recycle,#renewable,#sustainability"
457,"#biodiversity,#ecofriendly,#recycle,#renewable,#sustainability"
458,"#climatechange,#ecofriendly,#renewable,#solarenergy,#sustainability,#sustainabledevelopmentgoals"
459,"#biodiversity,#ecofriendly,#globalwarming,#renewable,#sustainability"
460,"#ecofriendly,#globalwarming,#renewable,#sdgs,#sustainability"
461,"#ecofriendly,#greenplanet,#renewable,#sustainability"
462,"#ecofriendly,#globalwarming,#renewable,#sustainability"
463,"#ecofriendly,#globalwarming,#renewable,#sdgs,#sustainability"
464,"#ecofriendly,#greenenergy,#renewable,#sustainability,#sustainabledevelopmentgoals"
465,"#ecofriendly,#ecotourism,#renewable,#sdgs,#sustainability"
466,"#biodiversity,#ecofriendly,#renewable,#sustainability"
467,"#ecofriendly,#globalwarming,#renewable,#sustainability,#sustainabledevelopmentgoals"
468,"#ecofriendly,#renewable,#sdgs,#sustainability"
469,"#climatechange,#ecofriendly,#ecotourism,#globalwarming,#renewable,#sustainability"
470,"#biodiversity,#ecofriendly,#globalwarming,#greenplanet,#renewable,#sustainability"
471,"#ecofriendly,#greenenergy,#renewable,#sustainability"
472,"#ecofriendly,#recycle,#renewable,#solarenergy,#sustainability"
473,"#ecofriendly,#greenplanet,#renewable,#sustainability"
474,"#climatechange,#ecofriendly,#renewable,#sustainability,#sustainabledevelopmentgoals"
475,"#ecofriendly,#globalwarming,#renewable,#sdgs,#solarenergy,#sustainability"
476,"#ecofriendly,#renewable,#solarenergy,#sustainability"
477,"#climatechange,#ecofriendly,#renewable,#sustainability"
478,"#ecofriendly,#renewable,#solarenergy,#sustainability"
479,"#biodiversity,#ecofriendly,#globalwarming,#recycle,#renewable,#sustainability"
480,"#climatechange,#ecofriendly,#ecotourism,#globalwarming,#renewable,#sustainability"
481,"#ecofriendly,#greenenergy,#recycle,#renewable,#sustainability"
482,"#biodiversity,#ecofriendly,#greenplanet,#renewable,#sustainability"
483,"#ecofriendly,#renewable,#sustainability,#sustainabledevelopmentgoals"
484,"#ecofriendly,#greenenergy,#renewable,#sustainability,#sustainabledevelopmentgoals"
485,"#ecofriendly,#greenplanet,#renewable,#sustainability"
486,"#ecofriendly,#renewable,#sustainability,#sustainabledevelopmentgoals"
487,"#ecofriendly,#greenplanet,#renewable,#sustainability"
488,"#climatechange,#ecofriendly,#renewable,#sustainability"
489,"#biodiversity,#climatechange,#ecofriendly,#greenenergy,#renewable,#sustainability"
490,"#ecofriendly,#greenenergy,#recycle,#renewable,#sustainability,#sustainabledevelopmentgoals"
491,"#ecofriendly,#greenenergy,#renewable,#solarenergy,#sustainability"
492,"#ecofriendly,#greenenergy,#renewable,#sustainability"
493,"#biodiversity,#ecofriendly,#renewable,#sdgs,#sustainability"
494,"#ecofriendly,#ecotourism,#renewable,#sdgs,#solarenergy,#sustainability"
495,"#ecofriendly,#globalwarming,#renewable,#sustainability"
496,"#biodiversity,#ecofriendly,#renewable,#sdgs,#sustainability"
497,"#ecofriendly,#greenenergy,#renewable,#sustainability"
498,"#ecofriendly,#ecotourism,#greenenergy,#renewable,#sustainability"
499,"#ecofriendly,#globalwarming,#renewable,#sustainability"
500,"#climatechange,#ecofriendly,#greenenergy,#greenplanet,#renewable,#sustainability"
501,"#biodiversity,#ecotourism,#renewable"
502,"#ecotourism,#solarenergy,#sustainabledevelopmentgoals"
503,"#climatechange,#greenenergy"
504,"#renewable,#sustainability"
505,"#biodiversity,#greenenergy,#greenplanet"
506,"#globalwarming,#renewable"
507,"#greenenergy,#sustainability"
508,"#greenplanet,#sustainability,#sustainabledevelopmentgoals"
509,"#ecofriendly,#greenplanet"
510,"#globalwarming,#sustainability"
511,"#sdgs,#sustainabledevelopmentgoals"
512,"#biodiversity,#ecofriendly"
513,"#greenenergy,#greenplanet,#recycle"
514,"#globalwarming,#greenplanet,#sustainability"
515,"#sdgs,#solarenergy"
516,"#ecofriendly,#sdgs,#sustainabledevelopmentgoals"
517,"#ecofriendly,#globalwarming,#recycle"
518,"#climatechange,#globalwarming,#recycle"
519,"#climatechange,#recycle"
520,"#greenplanet,#recycle,#sustainability"
521,"#biodiversity,#renewable,#sustainabledevelopmentgoals"
522,"#globalwarming,#sdgs,#sustainabledevelopmentgoals"
523,"#biodiversity,#ecotourism,#globalwarming,#sustainabledevelopmentgoals"
524,"#ecotourism,#greenenergy"
525,"#ecofriendly,#globalwarming,#renewable"
526,"#greenenergy,#sdgs"
527,"#ecofriendly,#greenenergy,#greenplanet,#solarenergy"
528,"#ecotourism,#renewable,#sdgs,#solarenergy"
529,"#ecofriendly,#globalwarming,#sustainabledevelopmentgoals"
530,"#greenenergy,#greenplanet"
531,"#biodiversity,#globalwarming,#greenplanet,#renewable"
532,"#climatechange,#sdgs,#sustainability"
533,"#biodiversity,#globalwarming,#greenplanet,#recycle"
534,"#greenenergy,#renewable,#sdgs,#sustainability"
535,"#biodiversity,#renewable,#sustainability"
536,"#ecotourism,#recycle"
537,"#biodiversity,#ecofriendly,#renewable,#sustainability"
538,"#ecotourism,#sustainabledevelopmentgoals"
539,"#biodiversity,#ecotourism,#renewable,#solarenergy"
540,"#biodiversity,#climatechange,#greenenergy,#sustainabledevelopmentgoals"
541,"#greenenergy,#greenplanet,#sdgs,#solarenergy"
542,"#climatechange,#ecofriendly,#recycle,#sustainability"
543,"#biodiversity,#climatechange,#renewable"
544,"#greenenergy,#greenplanet,#recycle,#sustainability"
545,"#ecofriendly,#sustainabledevelopmentgoals"
546,"#globalwarming,#solarenergy"
547,"#biodiversity,#ecofriendly,#sdgs,#sustainabledevelopmentgoals"
548,"#ecotourism,#greenplanet,#recycle,#sdgs"
549,"#biodiversity,#recycle"
550,"#greenenergy,#greenplanet,#sdgs"
551,"#biodiversity,#globalwarming,#sustainabledevelopmentgoals"
552,"#biodiversity,#sdgs"
553,"#greenplanet,#renewable,#solarenergy"
554,"#globalwarming,#greenplanet,#renewable,#sustainabledevelopmentgoals"
555,"#greenenergy,#greenplanet,#solarenergy,#sustainability"
556,"#greenenergy,#renewable,#sustainability"
557,"#ecofriendly,#recycle"
558,"#climatechange,#solarenergy"
559,"#ecofriendly,#globalwarming,#sdgs"
560,"#biodiversity,#greenplanet,#sdgs"
561,"#recycle,#sustainabledevelopmentgoals"
562,"#ecofriendly,#recycle,#sustainability"
563,"#biodiversity,#renewable"
564,"#climatechange,#globalwarming,#greenenergy,#recycle"
565,"#solarenergy,#sustainability"
566,"#ecofriendly,#renewable,#sustainability"
567,"#ecotourism,#globalwarming,#renewable,#sdgs"
568,"#greenenergy,#sdgs,#solarenergy,#sustainability"
569,"#climatechange,#globalwarming,#sustainabledevelopmentgoals"
570,"#ecofriendly,#greenenergy,#sdgs,#sustainabledevelopmentgoals"
571,"#greenplanet,#sustainability,#sustainabledevelopmentgoals"
572,"#biodiversity,#ecotourism,#sdgs"
573,"#biodiversity,#sdgs"
574,"#climatechange,#recycle,#sustainabledevelopmentgoals"
575,"#greenenergy,#recycle"
576,"#climatechange,#sdgs,#solarenergy"
577,"#ecofriendly,#greenenergy,#sdgs"
578,"#greenenergy,#greenplanet,#sustainabledevelopmentgoals"
579,"#ecofriendly,#globalwarming"
580,"#climatechange,#ecotourism,#solarenergy"
581,"#sdgs,#sustainabledevelopmentgoals"
582,"#ecotourism,#globalwarming,#renewable"
583,"#climatechange,#ecofriendly,#sdgs,#solarenergy"
584,"#climatechange,#renewable,#sdgs,#sustainability"
585,"#globalwarming,#renewable,#solarenergy,#sustainability"
586,"#ecofriendly,#ecotourism,#globalwarming,#sustainabledevelopmentgoals"
587,"#biodiversity,#climatechange,#solarenergy"
588,"#ecotourism,#greenenergy"
589,"#climatechange,#greenenergy,#renewable,#solarenergy"
590,"#biodiversity,#ecotourism,#renewable"
591,"#ecofriendly,#sdgs,#solarenergy,#sustainabledevelopmentgoals"
592,"#climatechange,#sdgs,#sustainability"
593,"#biodiversity,#ecofriendly,#recycle,#sustainability"
594,"#climatechange,#ecotourism"
595,"#renewable,#solarenergy,#sustainabledevelopmentgoals"
596,"#globalwarming,#recycle,#solarenergy,#sustainabledevelopmentgoals"
597,"#renewable,#sdgs,#sustainability,#sustainabledevelopmentgoals"
598,"#globalwarming,#greenenergy,#recycle,#sustainability"
599,"#recycle,#solarenergy"
600,"#ecofriendly,#greenplanet,#renewable,#solarenergy"
601,"#biodiversity,#ecofriendly,#solarenergy"
602,"#ecotourism,#greenplanet"
603,"#globalwarming,#greenenergy,#solarenergy"
604,"#greenenergy,#sdgs,#sustainabledevelopmentgoals"
605,"#ecofriendly,#sustainability,#sustainabledevelopmentgoals"
606,"#biodiversity,#sdgs"
607,"#biodiversity,#climatechange,#globalwarming,#greenplanet"
608,"#biodiversity,#renewable,#sustainabledevelopmentgoals"
609,"#climatechange,#ecotourism"
610,"#globalwarming,#renewable,#sustainabledevelopmentgoals"
611,"#ecofriendly,#renewable,#sustainabledevelopmentgoals"
612,"#climatechange,#renewable,#sustainabledevelopmentgoals"
613,"#biodiversity,#ecofriendly,#recycle,#renewable"
614,"#ecotourism,#recycle,#solarenergy,#sustainability"
615,"#biodiversity,#ecofriendly,#greenplanet,#sustainabledevelopmentgoals"
616,"#climatechange,#recycle"
617,"#ecofriendly,#globalwarming,#sustainabledevelopmentgoals"
618,"#ecotourism,#greenenergy,#solarenergy,#sustainabledevelopmentgoals"
619,"#ecofriendly,#recycle,#sustainabledevelopmentgoals"
620,"#greenenergy,#sdgs"
621,"#globalwarming,#sustainabledevelopmentgoals"
622,"#recycle,#sdgs,#sustainabledevelopmentgoals"
623,"#renewable,#sustainability"
624,"#ecofriendly,#greenenergy,#sustainability"
625,"#biodiversity,#ecofriendly"
626,"#biodiversity,#ecotourism,#sdgs,#solarenergy"
627,"#globalwarming,#greenenergy,#sdgs"
628,"#biodiversity,#ecofriendly,#greenplanet,#sdgs"
629,"#biodiversity,#greenplanet,#recycle,#solarenergy"
630,"#biodiversity,#ecotourism,#recycle,#solarenergy"
631,"#greenenergy,#sustainability"
632,"#climatechange,#greenplanet,#renewable,#sustainability"
633,"#recycle,#solarenergy"
634,"#ecofriendly,#globalwarming,#sdgs,#sustainability"
635,"#biodiversity,#climatechange,#globalwarming,#greenenergy"
636,"#ecotourism,#solarenergy,#sustainability,#sustainabledevelopmentgoals"
637,"#greenenergy,#greenplanet"
638,"#biodiversity,#ecotourism,#recycle,#sdgs"
639,"#biodiversity,#ecofriendly,#greenenergy,#sdgs"
640,"#ecotourism,#greenplanet,#recycle,#sustainabledevelopmentgoals"
641,"#ecotourism,#sustainabledevelopmentgoals"
642,"#greenplanet,#sustainability"
643,"#recycle,#sustainability,#sustainabledevelopmentgoals"
644,"#ecofriendly,#renewable"
645,"#biodiversity,#recycle"
646,"#ecofriendly,#recycle,#renewable,#sustainability"
647,"#ecofriendly,#sdgs,#solarenergy"
648,"#ecotourism,#renewable,#sustainability"
649,"#ecofriendly,#sustainability"
650,"#biodiversity,#globalwarming,#recycle,#renewable"
651,"#ecofriendly,#recycle,#sdgs,#solarenergy"
652,"#biodiversity,#climatechange,#ecotourism"
653,"#ecofriendly,#greenenergy,#greenplanet,#solarenergy"
654,"#biodiversity,#globalwarming,#sdgs,#solarenergy"
655,"#renewable,#sustainability"
656,"#climatechange,#greenplanet,#sustainability"
657,"#climatechange,#sustainability"
658,"#biodiversity,#ecotourism"
659,"#greenenergy,#sustainabledevelopmentgoals"
660,"#recycle,#sustainabledevelopmentgoals"
661,"#recycle,#renewable,#solarenergy"
662,"#climatechange,#ecotourism,#greenplanet"
663,"#biodiversity,#climatechange,#renewable,#sustainabledevelopmentgoals"
664,"#ecofriendly,#globalwarming,#recycle,#renewable"
665,"#ecotourism,#greenenergy,#renewable"
666,"#greenplanet,#recycle,#sdgs,#sustainability"
667,"#ecotourism,#greenplanet,#sdgs"
668,"#biodiversity,#ecofriendly,#sdgs,#sustainabledevelopmentgoals"
669,"#greenenergy,#sdgs"
670,"#recycle,#renewable,#solarenergy,#sustainability"
671,"#greenenergy,#sdgs"
672,"#solarenergy,#sustainability,#sustainabledevelopmentgoals"
673,"#ecotourism,#globalwarming,#recycle"
674,"#climatechange,#sustainability,#sustainabledevelopmentgoals"
675,"#greenenergy,#sdgs,#solarenergy"
676,"#greenenergy,#renewable,#sdgs,#sustainability"
677,"#ecotourism,#greenplanet"
678,"#ecofriendly,#ecotourism,#greenplanet"
679,"#biodiversity,#globalwarming,#greenenergy,#recycle"
680,"#climatechange,#greenenergy,#solarenergy,#sustainability"
681,"#climatechange,#greenenergy,#sdgs,#sustainabledevelopmentgoals"
682,"#climatechange,#globalwarming"
683,"#ecofriendly,#greenenergy"
684,"#recycle,#renewable"
685,"#recycle,#sustainability"
686,"#solarenergy,#sustainabledevelopmentgoals"
687,"#ecofriendly,#recycle,#solarenergy"
688,"#climatechange,#ecotourism,#sustainability"
689,"#biodiversity,#greenenergy,#recycle"
690,"#ecofriendly,#globalwarming,#sdgs"
691,"#ecotourism,#greenenergy,#renewable"
692,"#ecotourism,#sustainabledevelopmentgoals"
693,"#recycle,#sdgs,#sustainability"
694,"#biodiversity,#greenenergy,#sustainability"
695,"#biodiversity,#globalwarming"
696,"#ecotourism,#greenplanet,#sdgs,#sustainabledevelopmentgoals"
697,"#greenenergy,#sustainabledevelopmentgoals"
698,"#biodiversity,#globalwarming"
699,"#ecotourism,#globalwarming,#sustainabledevelopmentgoals"
700,"#climatechange,#recycle,#renewable,#sustainability"
701,"#ecotourism,#globalwarming,#renewable,#sustainability"
702,"#biodiversity,#ecofriendly,#greenenergy"
703,"#climatechange,#globalwarming,#greenenergy,#recycle"
704,"#ecofriendly,#ecotourism,#recycle,#sustainabledevelopmentgoals"
705,"#climatechange,#ecotourism"
706,"#ecotourism,#globalwarming"
707,"#ecotourism,#renewable,#sdgs"
708,"#biodiversity,#ecotourism,#greenplanet,#sdgs"
709,"#greenenergy,#recycle,#renewable,#solarenergy"
710,"#globalwarming,#greenplanet,#recycle,#renewable"
711,"#biodiversity,#sustainability"
712,"#ecofriendly,#greenenergy,#sustainability"
713,"#biodiversity,#climatechange,#ecotourism,#globalwarming"
714,"#greenenergy,#greenplanet,#sustainability,#sustainabledevelopmentgoals"
715,"#biodiversity,#greenplanet,#recycle"
716,"#globalwarming,#recycle,#sustainabledevelopmentgoals"
717,"#ecofriendly,#greenenergy"
718,"#ecotourism,#greenenergy,#renewable,#sdgs"
719,"#biodiversity,#greenplanet,#renewable"
720,"#ecotourism,#sustainabledevelopmentgoals"
721,"#globalwarming,#greenplanet"
722,"#climatechange,#ecotourism,#greenenergy"
723,"#climatechange,#ecotourism,#sdgs,#sustainability"
724,"#ecofriendly,#ecotourism,#renewable,#sustainability"
725,"#ecotourism,#renewable,#sdgs"
726,"#biodiversity,#ecofriendly,#greenenergy,#renewable"
727,"#ecofriendly,#greenplanet,#solarenergy,#sustainabledevelopmentgoals"
728,"#biodiversity,#ecotourism,#renewable"
729,"#biodiversity,#solarenergy"
730,"#globalwarming,#greenenergy,#sustainability"
731,"#biodiversity,#climatechange,#ecotourism,#solarenergy"
732,"#ecofriendly,#renewable,#sdgs,#sustainabledevelopmentgoals"
733,"#ecotourism,#renewable,#sustainabledevelopmentgoals"
734,"#ecofriendly,#ecotourism,#renewable"
735,"#recycle,#renewable,#sustainability"
736,"#greenplanet,#sustainabledevelopmentgoals"
737,"#greenplanet,#solarenergy,#sustainabledevelopmentgoals"
738,"#ecofriendly,#ecotourism,#greenplanet"
739,"#ecotourism,#sdgs"
740,"#ecotourism,#recycle,#sustainability,#sustainabledevelopmentgoals"
741,"#ecofriendly,#solarenergy,#sustainability,#sustainabledevelopmentgoals"
742,"#biodiversity,#ecofriendly,#greenenergy,#sdgs"
743,"#recycle,#sdgs"
744,"#climatechange,#ecotourism,#sdgs,#solarenergy"
745,"#ecofriendly,#globalwarming,#sdgs"
746,"#globalwarming,#recycle,#sustainabledevelopmentgoals"
747,"#climatechange,#greenenergy,#sustainability"
748,"#climatechange,#renewable"
749,"#globalwarming,#greenenergy,#sdgs"
750,"#climatechange,#greenplanet"
751,"#globalwarming,#sdgs,#solarenergy"
752,"#climatechange,#greenenergy,#renewable,#sustainabledevelopmentgoals"
753,"#climatechange,#ecofriendly,#renewable"
754,"#ecotourism,#sdgs,#solarenergy,#sustainability"
755,"#biodiversity,#globalwarming,#sustainabledevelopmentgoals"
756,"#ecofriendly,#recycle,#sustainabledevelopmentgoals"
757,"#biodiversity,#sustainability"
758,"#biodiversity,#greenenergy,#sdgs"
759,"#ecotourism,#recycle"
760,"#ecotourism,#greenenergy,#greenplanet"
761,"#ecofriendly,#ecotourism,#greenplanet,#sustainability"
762,"#globalwarming,#greenenergy,#greenplanet,#renewable"
763,"#ecotourism,#globalwarming,#greenenergy"
764,"#biodiversity,#ecofriendly"
765,"#ecofriendly,#renewable,#sustainabledevelopmentgoals"
766,"#globalwarming,#renewable,#sustainability"
767,"#recycle,#renewable,#sdgs"
768,"#recycle,#renewable,#sdgs"
769,"#sustainability,#sustainabledevelopmentgoals"
770,"#ecofriendly,#solarenergy"
771,"#ecofriendly,#globalwarming,#greenplanet"
772,"#ecofriendly,#greenplanet,#sustainabledevelopmentgoals"
773,"#biodiversity,#greenenergy,#sustainability,#sustainabledevelopmentgoals"
774,"#biodiversity,#ecofriendly,#globalwarming,#recycle"
775,"#climatechange,#greenenergy,#greenplanet,#sustainability"
776,"#ecotourism,#globalwarming,#greenenergy,#sustainability"
777,"#ecotourism,#solarenergy"
778,"#greenplanet,#recycle,#renewable"
779,"#biodiversity,#sustainability"
780,"#ecofriendly,#greenenergy,#greenplanet,#solarenergy"
781,"#solarenergy,#sustainabledevelopmentgoals"
782,"#globalwarming,#greenenergy,#recycle,#renewable"
783,"#biodiversity,#globalwarming,#greenplanet,#sustainability"
784,"#ecotourism,#greenenergy,#sdgs,#sustainabledevelopmentgoals"
785,"#climatechange,#ecotourism,#greenplanet"
786,"#greenplanet,#recycle"
787,"#globalwarming,#recycle,#solarenergy"
788,"#biodiversity,#sustainability,#sustainabledevelopmentgoals"
789,"#greenplanet,#recycle"
790,"#ecotourism,#renewable"
791,"#climatechange,#greenenergy,#greenplanet,#solarenergy"
792,"#globalwarming,#renewable"
793,"#climatechange,#greenplanet,#sustainability"
794,"#ecotourism,#solarenergy,#sustainability"
795,"#globalwarming,#recycle,#sustainability"
796,"#biodiversity,#greenplanet,#renewable,#solarenergy"
797,"#globalwarming,#sustainability"
798,"#biodiversity,#ecotourism,#recycle,#sdgs"
799,"#climatechange,#ecofriendly,#sustainabledevelopmentgoals"
800,"#greenenergy,#recycle,#sdgs,#solarenergy"
801,"#greenplanet,#renewable"
802,"#greenenergy,#recycle,#renewable"
803,"#globalwarming,#recycle,#sdgs,#sustainabledevelopmentgoals"
804,"#ecotourism,#greenenergy"
805,"#climatechange,#globalwarming,#recycle"
806,"#ecotourism,#renewable"
807,"#biodiversity,#sdgs"
808,"#greenenergy,#greenplanet"
809,"#biodiversity,#greenplanet,#renewable,#sustainabledevelopmentgoals"
810,"#climatechange,#solarenergy,#sustainability,#sustainabledevelopmentgoals"
811,"#climatechange,#globalwarming,#recycle,#sustainabledevelopmentgoals"
812,"#biodiversity,#ecofriendly,#ecotourism,#recycle"
813,"#ecotourism,#recycle,#solarenergy"
814,"#ecotourism,#globalwarming,#sdgs,#solarenergy"
815,"#ecotourism,#renewable,#sustainability"
816,"#recycle,#renewable,#sustainabledevelopmentgoals"
817,"#climatechange,#renewable,#sdgs,#sustainability"
818,"#biodiversity,#climatechange,#solarenergy,#sustainability"
819,"#globalwarming,#greenenergy,#greenplanet,#sdgs"
820,"#renewable,#sustainabledevelopmentgoals"
821,"#ecotourism,#recycle,#solarenergy"
822,"#biodiversity,#renewable,#solarenergy,#sustainability"
823,"#biodiversity,#solarenergy"
824,"#biodiversity,#climatechange,#ecotourism"
825,"#ecofriendly,#globalwarming,#sdgs"
826,"#globalwarming,#solarenergy"
827,"#ecofriendly,#ecotourism,#sdgs,#sustainability"
828,"#renewable,#sustainability,#sustainabledevelopmentgoals"
829,"#globalwarming,#recycle,#sdgs,#sustainability"
830,"#globalwarming,#solarenergy,#sustainability"
831,"#biodiversity,#ecofriendly,#globalwarming"
832,"#climatechange,#globalwarming"
833,"#greenenergy,#greenplanet,#sustainability"
834,"#ecofriendly,#renewable"
835,"#ecotourism,#recycle"
836,"#biodiversity,#climatechange,#ecotourism"
837,"#biodiversity,#climatechange,#greenenergy,#sdgs"
838,"#climatechange,#ecofriendly,#sdgs,#sustainability"
839,"#ecotourism,#greenenergy,#recycle,#renewable"
840,"#ecofriendly,#ecotourism"
841,"#climatechange,#greenplanet,#renewable"
842,"#ecofriendly,#greenenergy"
843,"#ecofriendly,#globalwarming"
844,"#greenenergy,#renewable"
845,"#globalwarming,#greenplanet"
846,"#sustainability,#sustainabledevelopmentgoals"
847,"#ecofriendly,#ecotourism,#greenenergy,#recycle"
848,"#climatechange,#greenenergy,#sdgs"
849,"#biodiversity,#ecofriendly,#recycle,#sdgs"
850,"#globalwarming,#greenenergy,#recycle,#sustainability"
851,"#climatechange,#globalwarming,#sustainabledevelopmentgoals"
852,"#biodiversity,#sustainability"
853,"#climatechange,#greenenergy,#greenplanet,#recycle"
854,"#ecofriendly,#sustainability"
855,"#biodiversity,#climatechange,#greenenergy,#sdgs"
856,"#ecotourism,#greenenergy,#sdgs,#sustainabledevelopmentgoals"
857,"#globalwarming,#greenenergy,#solarenergy"
858,"#greenenergy,#recycle"
859,"#climatechange,#greenenergy,#sustainability"
860,"#sdgs,#solarenergy"
861,"#ecofriendly,#ecotourism,#greenenergy,#sustainabledevelopmentgoals"
862,"#ecofriendly,#ecotourism,#globalwarming,#renewable"
863,"#biodiversity,#ecotourism,#greenenergy,#renewable"
864,"#ecofriendly,#ecotourism,#renewable,#sdgs"
865,"#ecotourism,#recycle,#sdgs,#sustainability"
866,"#globalwarming,#recycle,#sustainability"
867,"#globalwarming,#sustainability,#sustainabledevelopmentgoals"
868,"#ecofriendly,#recycle,#sdgs,#sustainabledevelopmentgoals"
869,"#greenplanet,#renewable,#solarenergy,#sustainability"
870,"#greenplanet,#solarenergy"
871,"#climatechange,#ecofriendly,#greenplanet,#sustainabledevelopmentgoals"
872,"#climatechange,#globalwarming,#recycle,#renewable"
873,"#greenenergy,#solarenergy"
874,"#ecofriendly,#ecotourism,#greenplanet,#sustainability"
875,"#climatechange,#greenplanet,#sdgs"
876,"#biodiversity,#climatechange,#sdgs"
877,"#ecofriendly,#greenenergy,#recycle"
878,"#recycle,#sdgs"
879,"#greenenergy,#recycle,#renewable,#sustainabledevelopmentgoals"
880,"#sdgs,#sustainability"
881,"#climatechange,#greenenergy,#recycle,#sustainability"
882,"#greenenergy,#greenplanet,#renewable"
883,"#greenplanet,#solarenergy"
884,"#ecofriendly,#greenenergy"
885,"#ecotourism,#globalwarming,#sdgs"
886,"#climatechange,#greenplanet,#sdgs"
887,"#biodiversity,#climatechange,#sustainability"
888,"#renewable,#solarenergy"
889,"#greenenergy,#sdgs"
890,"#biodiversity,#ecofriendly"
891,"#globalwarming,#greenplanet,#sdgs,#solarenergy"
892,"#globalwarming,#recycle,#solarenergy,#sustainabledevelopmentgoals"
893,"#biodiversity,#climatechange,#sustainabledevelopmentgoals"
894,"#ecofriendly,#greenenergy,#renewable,#sustainability"
895,"#renewable,#sdgs,#solarenergy,#sustainabledevelopmentgoals"
896,"#greenenergy,#renewable,#sdgs"
897,"#climatechange,#greenenergy"
898,"#sustainability,#sustainabledevelopmentgoals"
899,"#ecotourism,#greenplanet,#sustainabledevelopmentgoals"
900,"#ecofriendly,#renewable"
901,"#recycle,#sustainabledevelopmentgoals"
902,"#globalwarming,#solarenergy"
903,"#ecofriendly,#ecotourism,#globalwarming,#recycle"
904,"#biodiversity,#ecofriendly,#greenplanet"
905,"#globalwarming,#recycle,#sdgs,#sustainability"
906,"#ecotourism,#greenplanet"
907,"#climatechange,#solarenergy"
908,"#globalwarming,#recycle"
909,"#renewable,#sdgs"
910,"#ecofriendly,#ecotourism,#sdgs"
911,"#ecotourism,#globalwarming,#sustainability,#sustainabledevelopmentgoals"
912,"#biodiversity,#ecofriendly,#ecotourism,#recycle"
913,"#recycle,#sdgs"
914,"#climatechange,#sdgs"
915,"#greenenergy,#recycle,#sdgs"
916,"#biodiversity,#ecofriendly"
917,"#biodiversity,#ecofriendly,#ecotourism,#sustainabledevelopmentgoals"
918,"#climatechange,#ecofriendly,#greenenergy,#sustainabledevelopmentgoals"
919,"#ecotourism,#recycle"
920,"#biodiversity,#climatechange,#ecofriendly,#greenenergy"
921,"#climatechange,#globalwarming,#sustainabledevelopmentgoals"
922,"#climatechange,#ecofriendly,#ecotourism"
923,"#ecofriendly,#greenenergy,#sustainability"
924,"#ecofriendly,#globalwarming,#recycle,#sustainabledevelopmentgoals"
925,"#renewable,#solarenergy"
926,"#ecofriendly,#ecotourism"
927,"#biodiversity,#recycle,#sdgs,#solarenergy"
928,"#renewable,#solarenergy"
929,"#sustainability,#sustainabledevelopmentgoals"
930,"#climatechange,#solarenergy,#sustainabledevelopmentgoals"
931,"#ecotourism,#sustainability"
932,"#greenplanet,#renewable,#solarenergy,#sustainabledevelopmentgoals"
933,"#ecofriendly,#recycle"
934,"#ecofriendly,#ecotourism,#greenplanet,#recycle"
935,"#ecotourism,#greenenergy,#greenplanet,#recycle"
936,"#climatechange,#solarenergy"
937,"#greenenergy,#recycle,#sustainabledevelopmentgoals"
938,"#sdgs,#sustainabledevelopmentgoals"
939,"#ecofriendly,#sustainabledevelopmentgoals"
940,"#greenenergy,#sustainability"
941,"#biodiversity,#renewable,#solarenergy"
942,"#ecofriendly,#recycle,#sustainability"
943,"#climatechange,#ecofriendly,#greenplanet"
944,"#globalwarming,#greenenergy"
945,"#sdgs,#sustainability"
946,"#ecofriendly,#renewable,#solarenergy"
947,"#climatechange,#renewable"
948,"#ecotourism,#greenplanet"
949,"#climatechange,#globalwarming,#sustainability,#sustainabledevelopmentgoals"
950,"#biodiversity,#climatechange,#greenenergy"
951,"#globalwarming,#greenplanet,#recycle,#solarenergy"
952,"#climatechange,#renewable,#sustainability"
953,"#climatechange,#recycle,#sustainabledevelopmentgoals"
954,"#biodiversity,#greenenergy,#sustainability"
955,"#biodiversity,#renewable"
956,"#ecofriendly,#ecotourism,#greenenergy,#sdgs"
957,"#biodiversity,#ecofriendly,#greenplanet,#recycle"
958,"#greenplanet,#recycle,#solarenergy"
959,"#ecotourism,#globalwarming,#sustainabledevelopmentgoals"
960,"#ecofriendly,#greenplanet,#sustainabledevelopmentgoals"
961,"#biodiversity,#ecofriendly,#globalwarming,#sustainability"
962,"#renewable,#sdgs"
963,"#biodiversity,#globalwarming"
964,"#biodiversity,#renewable"
965,"#greenplanet,#sustainability,#sustainabledevelopmentgoals"
966,"#biodiversity,#climatechange,#greenenergy,#sustainability"
967,"#greenplanet,#sustainabledevelopmentgoals"
968,"#ecofriendly,#sustainability"
969,"#greenplanet,#recycle,#renewable,#solarenergy"
970,"#climatechange,#sustainabledevelopmentgoals"
971,"#ecofriendly,#sdgs"
972,"#ecofriendly,#greenplanet,#sdgs,#sustainability"
973,"#biodiversity,#greenenergy,#sdgs,#solarenergy"
974,"#climatechange,#ecotourism,#greenplanet,#solarenergy"
975,"#biodiversity,#ecofriendly,#sdgs,#sustainabledevelopmentgoals"
976,"#climatechange,#greenplanet,#sustainability,#sustainabledevelopmentgoals"
977,"#solarenergy,#sustainability"
978,"#globalwarming,#renewable,#sdgs,#sustainabledevelopmentgoals"
979,"#ecotourism,#sustainabledevelopmentgoals"
980,"#greenenergy,#recycle,#solarenergy,#sustainabledevelopmentgoals"
981,"#biodiversity,#globalwarming,#solarenergy"
982,"#globalwarming,#solarenergy,#sustainabledevelopmentgoals"
983,"#ecotourism,#globalwarming,#greenenergy"
984,"#renewable,#solarenergy,#sustainabledevelopmentgoals"
985,"#climatechange,#globalwarming,#solarenergy,#sustainabledevelopmentgoals"
986,"#ecotourism,#renewable"
987,"#recycle,#sustainabledevelopmentgoals"
988,"#ecotourism,#greenenergy,#solarenergy,#sustainability"
989,"#ecotourism,#sdgs"
990,"#biodiversity,#climatechange,#ecotourism,#sdgs"
991,"#climatechange,#globalwarming,#greenplanet,#sustainability"
992,"#ecotourism,#greenplanet,#solarenergy"
993,"#biodiversity,#sustainability,#sustainabledevelopmentgoals"
994,"#biodiversity,#climatechange,#greenplanet"
995,"#climatechange,#sustainabledevelopmentgoals"
996,"#climatechange,#ecotourism,#greenenergy,#solarenergy"
997,"#biodiversity,#greenenergy,#solarenergy,#sustainability"
998,"#ecotourism,#solarenergy"
999,"#greenenergy,#renewable"
1000,"#biodiversity,#ecofriendly,#sustainabledevelopmentgoals"
